S0,Out,S304,3,S10,1,S106,6,S242,7,S616,9,In,S605,4,S4,6,S5,3,S27,2,S318,8,False
S1,Out,S605,0,S2,9,S3,4,S4,1,S45,2,In,S304,0,S6,4,S9,4,S19,6,S52,0,S65,3,S339,1,False
S2,Out,S605,0,In,S1,9,S42,2,S46,1,S56,9,S270,2,S449,1,S684,5,False
S3,Out,S605,9,S7,5,S9,1,S13,8,S73,3,S299,4,S610,0,In,S1,4,S10,2,S47,2,S62,7,S174,3,S224,8,S316,1,S320,8,False
S4,Out,S0,6,S6,3,S8,0,S22,1,S87,9,In,S1,1,S7,4,S11,8,S15,6,S21,2,S41,0,S50,1,S58,8,S134,4,S138,3,False
S5,Out,S0,3,S11,0,S18,4,S25,6,S32,2,S50,1,S122,7,S161,5,In,S304,7,S13,6,S29,0,S45,2,S147,2,S169,1,S363,5,False
S6,Out,S1,4,S417,1,In,S4,3,S8,7,S12,8,S16,1,S18,0,False
S7,Out,S4,4,S248,3,In,S3,5,S130,2,S181,0,S390,5,False
S8,Out,S6,7,S69,8,S102,5,S124,3,S229,1,In,S4,0,S48,8,S146,4,False
S9,Out,S1,4,S59,1,S70,5,In,S3,1,S59,6,S84,9,S99,3,False
S10,Out,S3,2,S72,9,S85,4,S145,3,S199,7,S540,1,In,S0,1,S22,8,S128,4,S163,9,S519,9,S570,3,True
S11,Out,S4,8,S12,3,S14,0,S15,9,S23,7,S33,5,S95,4,In,S5,0,S14,9,S66,8,S70,4,S104,7,S280,2,False
S12,Out,S6,8,S17,7,S20,0,S36,2,S105,3,In,S11,3,S144,1,S443,4,False
S13,Out,S5,6,S31,3,S37,5,S235,2,In,S3,8,S17,8,S311,1,False
S14,Out,S11,9,S84,3,S239,2,S287,5,In,S11,0,S23,3,S480,9,False
S15,Out,S4,6,S16,2,S58,5,In,S11,9,S32,2,S37,0,S67,5,S114,7,S191,6,S213,4,False
S16,Out,S6,1,S79,9,S100,0,S284,3,In,S15,2,S33,9,S60,3,S245,1,S294,5,S595,8,False
S17,Out,S13,8,S30,9,In,S12,7,S25,0,S77,0,S212,1,S667,3,False
S18,Out,S6,0,S34,2,S296,4,S403,9,In,S5,4,S350,4,S247,9,True
S19,Out,S1,6,S21,0,S51,1,S78,8,S512,9,S664,3,In,S304,5,S36,4,S73,2,S100,7,S113,8,S172,3,S367,7,S550,7,False
S20,Out,S605,9,S38,3,S42,6,S52,5,S53,2,S65,8,S77,4,S92,0,In,S12,0,S26,5,S135,6,S360,4,S412,7,S582,6,False
S21,Out,S4,2,S147,8,S454,6,S501,3,S505,9,In,S19,0,S69,9,S74,9,S348,1,S479,5,S666,8,False
S22,Out,S10,8,S29,6,S246,0,In,S4,1,S491,9,False
S23,Out,S14,3,S28,1,S39,9,S40,2,In,S11,7,S49,8,S250,5,S396,8,S597,5,False
S24,Out,S605,3,S83,8,S697,6,In,S304,9,S28,5,False
S25,Out,S17,0,S26,2,S27,6,S134,4,In,S5,6,S30,9,S38,8,S93,8,S218,9,False
S26,Out,S20,5,S49,6,S184,3,S265,2,S425,9,S566,7,In,S25,2,S35,9,S83,8,False
S27,Out,S0,2,S91,1,S113,9,In,S25,6,S640,7,False
S28,Out,S24,5,S104,7,S157,9,S290,8,S543,3,In,S23,1,S158,7,False
S29,Out,S5,0,S142,7,In,S22,6,S51,5,S55,2,S142,2,False
S30,Out,S25,9,S90,7,S162,3,S178,4,In,S17,9,S103,7,False
S31,Out,S605,6,S116,5,S148,9,In,S13,3,S34,3,S199,6,False
S32,Out,S15,2,S35,3,S131,1,S159,9,S200,6,S604,5,In,S5,2,S54,9,S85,9,False
S33,Out,S16,9,S459,4,In,S11,5,S43,6,S153,3,S214,0,S457,7,False
S34,Out,S31,3,S43,0,S47,7,S75,4,S86,1,S268,2,In,S18,2,S222,5,S282,9,False
S35,Out,S26,9,S67,8,S96,3,S397,4,In,S32,3,S105,6,False
S36,Out,S19,4,S41,6,S46,2,S81,0,S126,9,S207,5,S410,8,S502,3,S666,7,In,S12,2,False
S37,Out,S15,0,S54,8,S57,6,S363,5,S640,4,In,S13,5,S241,8,S248,8,S555,5,False
S38,Out,S25,8,S44,3,S180,6,S534,2,In,S20,3,S39,6,S53,9,S79,6,S600,8,False
S39,Out,S38,6,S48,9,S322,3,S399,0,S526,5,S535,2,In,S23,9,S112,0,S209,5,False
S40,Out,S304,1,S71,4,In,S23,2,S57,4,S76,7,S156,7,False
S41,Out,S4,0,S164,9,S215,3,S338,8,S419,2,S430,6,In,S36,6,S44,6,False
S42,Out,S2,2,S89,7,S172,5,S480,9,In,S20,6,S552,4,False
S43,Out,S33,6,S153,5,S223,9,In,S34,0,False
S44,Out,S41,6,S103,4,S415,8,S563,3,In,S38,3,S116,9,S117,4,S565,8,False
S45,Out,S5,2,S64,1,S66,0,S241,9,In,S1,2,S86,5,S95,6,S301,8,S634,0,False
S46,Out,S2,1,S94,4,S588,2,In,S36,2,S376,3,False
S47,Out,S3,2,S63,9,S128,1,In,S34,7,S78,1,S96,2,S167,3,S317,9,False
S48,Out,S8,8,S56,9,S61,2,S88,3,S395,7,S515,5,In,S39,9,S71,2,S82,1,S108,7,False
S49,Out,S23,8,S93,9,S646,2,In,S26,6,S72,0,S127,0,S165,3,False
S50,Out,S4,1,S74,6,S166,3,S355,5,S341,4,In,S5,1,S97,5,S187,3,S255,2,S261,4,False
S51,Out,S29,5,S60,0,S99,2,In,S19,1,S63,8,S88,5,S194,4,False
S52,Out,S1,0,S68,2,S190,5,In,S20,5,S277,2,False
S53,Out,S38,9,S55,0,S62,2,S536,3,In,S20,2,S90,5,S473,3,False
S54,Out,S32,9,S194,2,S217,8,S300,4,In,S37,8,S89,0,S106,6,S281,4,False
S55,Out,S29,2,S80,4,S685,1,In,S53,0,S413,8,False
S56,Out,S2,9,S247,3,S251,7,S303,2,S369,6,In,S48,9,False
S57,Out,S40,4,S118,2,S258,9,In,S37,6,S61,2,S87,4,S141,9,S621,5,True
S58,Out,S4,8,S208,7,S231,3,S293,2,In,S15,5,S81,7,S126,5,S203,2,S351,4,False
S59,Out,S9,6,S151,1,S361,2,S667,7,In,S9,1,S64,4,S92,3,S300,0,S357,5,False
S60,Out,S16,3,In,S51,0,S68,0,S338,6,S557,4,False
S61,Out,S57,2,In,S48,2,S139,1,S290,3,S381,3,S474,1,False
S62,Out,S3,7,S115,6,S422,8,In,S53,2,S101,1,S148,0,False
S63,Out,S51,8,S191,4,S356,7,S400,0,S446,1,In,S47,9,S235,4,False
S64,Out,S59,4,S174,0,S183,9,S205,7,S346,2,S413,5,S532,3,In,S45,1,S664,9,False
S65,Out,S1,3,S120,0,S317,7,S493,9,In,S20,8,S110,0,S374,8,S514,2,S587,8,False
S66,Out,S11,8,In,S45,0,S185,2,False
S67,Out,S15,5,S504,2,In,S35,8,S80,8,S107,0,S696,6,False
S68,Out,S60,0,S97,9,S125,5,S155,1,In,S52,2,S94,1,S210,8,S249,1,False
S69,Out,S21,9,S221,2,S224,1,In,S8,8,S75,6,S344,6,S636,0,False
S70,Out,S11,4,S348,5,In,S9,5,S168,6,S448,1,False
S71,Out,S48,2,S234,9,S272,6,S428,4,In,S40,4,S129,4,S145,2,False
S72,Out,S49,0,S264,5,S683,4,In,S10,9,S98,8,S184,0,S355,1,S648,3,False
S73,Out,S19,2,S201,8,S232,7,In,S3,3,S549,9,False
S74,Out,S21,9,S101,6,S426,1,In,S50,6,S389,0,False
S75,Out,S69,6,S141,8,S393,3,In,S34,4,S122,0,False
S76,Out,S40,7,S143,9,In,S605,3,S275,8,True
S77,Out,S17,0,In,S20,4,S223,0,S279,4,S372,2,S434,8,False
S78,Out,S47,1,S282,2,S379,0,S637,7,S677,6,In,S19,8,S161,8,False
S79,Out,S38,6,S82,9,S595,7,In,S16,9,S149,5,S157,5,S416,5,False
S80,Out,S67,8,S211,3,S602,9,In,S55,4,S91,7,S243,2,S677,4,False
S81,Out,S58,7,S132,0,S139,6,In,S36,0,S118,3,False
S82,Out,S48,1,S152,8,S600,9,In,S79,9,S111,8,S178,9,S226,6,False
S83,Out,S26,8,S175,3,In,S24,8,S151,3,False
S84,Out,S9,9,S98,2,S110,0,S173,6,S560,7,In,S14,3,S501,1,False
S85,Out,S32,9,S129,5,S136,3,S245,0,S294,4,S402,1,In,S10,4,False
S86,Out,S45,5,S195,6,S263,7,In,S34,1,S102,0,S208,6,S394,1,S395,7,S397,3,S465,3,False
S87,Out,S57,4,S353,8,S359,9,In,S4,9,S119,6,S247,2,S292,5,S611,0,False
S88,Out,S51,5,S225,6,In,S48,3,S150,9,S435,3,False
S89,Out,S54,0,S108,5,S121,7,S154,9,S520,2,In,S42,7,S384,4,S481,4,S591,4,False
S90,Out,S53,5,S127,3,In,S30,7,S188,2,S503,2,False
S91,Out,S80,7,S111,0,S187,5,S266,6,In,S27,1,S140,8,True
S92,Out,S59,3,S203,7,S262,8,S298,2,S311,6,S460,5,S542,0,In,S20,0,S303,0,S494,1,False
S93,Out,S25,8,S254,5,S351,0,S455,7,In,S49,9,S207,9,S332,1,False
S94,Out,S68,1,S259,5,In,S46,4,S124,5,False
S95,Out,S45,6,S486,8,In,S11,4,S499,6,True
S96,Out,S47,2,S107,6,S176,5,In,S35,3,S466,7,S495,0,False
S97,Out,S50,5,S270,0,In,S68,9,S121,7,S197,3,S285,7,S419,4,S513,6,False
S98,Out,S72,8,S112,9,S188,1,S625,5,S661,6,In,S84,2,S164,9,False
S99,Out,S9,3,In,S51,2,S192,6,S256,6,False
S100,Out,S19,7,S539,5,In,S16,0,False
S101,Out,S62,1,S119,5,S170,6,S257,8,In,S74,6,S225,3,S295,7,False
S102,Out,S86,0,S261,8,In,S8,5,False
S103,Out,S30,7,S185,4,In,S44,4,S109,4,S200,2,S386,4,S642,4,False
S104,Out,S11,7,S109,0,S130,9,S219,5,S332,3,S370,6,S408,4,In,S28,7,S115,7,S125,3,False
S105,Out,S35,6,S114,3,S628,5,In,S12,3,S202,1,S251,1,S260,1,S462,0,False
S106,Out,S54,6,S169,3,In,S0,6,S231,8,S310,1,S410,3,S675,5,False
S107,Out,S67,0,S196,1,In,S96,6,S291,3,False
S108,Out,S48,7,S326,0,S631,6,In,S89,5,S259,1,S382,7,S409,9,S540,9,False
S109,Out,S103,4,S209,7,S218,3,S668,1,In,S104,0,S154,0,False
S110,Out,S65,0,S135,6,S260,1,S368,8,In,S84,0,S132,3,False
S111,Out,S82,8,S123,5,S149,3,S364,7,In,S91,0,S219,9,S314,4,False
S112,Out,S39,0,S146,9,S240,7,In,S98,9,S136,9,S659,9,False
S113,Out,S19,8,S138,5,In,S27,9,S183,0,False
S114,Out,S15,7,S213,2,S283,8,S623,1,In,S105,3,S257,1,S607,6,False
S115,Out,S104,7,S117,4,S198,9,In,S62,6,S133,8,S429,0,S483,7,False
S116,Out,S44,9,S295,1,In,S31,5,S160,9,S162,0,S230,5,S288,4,S335,0,S562,6,False
S117,Out,S44,4,S158,7,S236,9,In,S115,4,S131,0,False
S118,Out,S81,3,S163,5,S305,1,In,S57,2,S120,9,S180,0,S354,8,S446,6,False
S119,Out,S87,6,S230,0,S333,5,In,S101,5,S536,4,S581,3,False
S120,Out,S118,9,In,S65,0,S424,4,False
S121,Out,S97,7,S137,2,S349,5,In,S89,7,S123,1,S177,2,S329,2,S402,2,S603,3,False
S122,Out,S75,0,S167,9,S407,7,S574,4,S587,2,In,S5,7,S143,9,S296,1,S544,0,S663,8,False
S123,Out,S121,1,S171,8,S273,7,In,S111,5,S171,2,S299,4,S500,1,False
S124,Out,S94,5,S227,4,S382,7,In,S8,3,S523,9,S612,2,False
S125,Out,S104,3,S443,0,S663,6,In,S68,5,S155,1,S215,9,S252,0,S388,9,False
S126,Out,S58,5,S583,9,In,S36,9,S216,5,S227,7,S426,5,S493,0,S641,2,False
S127,Out,S49,0,In,S90,3,S271,1,True
S128,Out,S10,4,In,S47,1,S308,5,False
S129,Out,S71,4,S181,7,S192,1,In,S85,5,S176,5,False
S130,Out,S7,2,In,S104,9,S242,3,S272,6,False
S131,Out,S117,0,S133,5,S156,2,S267,6,S276,1,In,S32,1,False
S132,Out,S110,3,In,S81,0,S521,2,True
S133,Out,S115,8,S179,7,S226,2,S324,0,In,S131,5,S240,1,S352,1,S404,7,False
S134,Out,S4,4,In,S25,4,S657,4,False
S135,Out,S20,6,S150,5,S228,2,S280,8,In,S110,6,S152,1,S356,0,S486,8,S638,4,False
S136,Out,S112,9,S182,4,S447,1,In,S85,3,S137,2,S179,9,S507,8,S656,5,False
S137,Out,S136,2,S323,4,S469,9,In,S121,2,False
S138,Out,S4,3,S360,0,S577,1,S655,6,In,S113,5,False
S139,Out,S61,1,S206,4,In,S81,6,S228,4,False
S140,Out,S91,8,In,S304,1,S220,4,False
S141,Out,S57,9,S160,6,S641,4,S658,7,In,S75,8,S269,3,S323,2,S472,7,False
S142,Out,S29,2,S249,6,S291,5,In,S29,7,S522,5,False
S143,Out,S122,9,In,S76,9,S414,7,S477,4,True
S144,Out,S12,1,In,S304,6,S525,1,S580,0,False
S145,Out,S71,2,S168,7,S286,1,S292,4,S336,3,S612,0,In,S10,3,S193,5,S393,4,S464,8,S530,4,False
S146,Out,S8,4,S189,1,S449,5,In,S112,9,S195,7,S238,3,S400,9,False
S147,Out,S5,2,In,S21,8,S236,0,S263,2,True
S148,Out,S62,0,S307,6,In,S31,9,S422,0,S628,0,False
S149,Out,S79,5,S202,2,S511,7,In,S111,3,S189,1,S205,9,S510,4,False
S150,Out,S88,9,S285,8,In,S135,5,S476,3,S660,7,False
S151,Out,S83,3,S448,6,In,S59,1,False
S152,Out,S135,1,In,S82,8,S461,5,False
S153,Out,S33,3,S250,7,S380,2,In,S43,5,S170,2,S234,3,False
S154,Out,S109,0,In,S89,9,S624,9,S653,6,False
S155,Out,S125,1,S347,9,In,S68,1,False
S156,Out,S40,7,S165,4,S325,0,In,S131,2,S159,5,S333,5,S489,6,S588,7,False
S157,Out,S79,5,S220,3,S424,1,In,S28,9,S232,5,False
S158,Out,S28,7,S197,1,S318,8,In,S117,7,S237,4,S315,4,False
S159,Out,S156,5,S216,8,S647,4,In,S32,9,False
S160,Out,S116,9,S433,3,S541,1,In,S141,6,S206,9,S436,3,False
S161,Out,S78,8,S684,9,In,S5,5,False
S162,Out,S116,0,S386,6,In,S30,3,False
S163,Out,S10,9,S278,4,In,S118,5,False
S164,Out,S98,9,S177,5,In,S41,9,S166,1,S428,9,False
S165,Out,S49,3,In,S156,4,S175,4,S253,0,False
S166,Out,S164,1,S253,0,S316,4,In,S50,3,S196,5,S589,6,False
S167,Out,S47,3,S212,1,S306,6,S695,2,In,S122,9,S221,7,S535,4,False
S168,Out,S70,6,S384,5,In,S145,7,S334,5,False
S169,Out,S5,1,In,S106,3,S182,9,S186,9,S244,0,True
S170,Out,S153,2,S342,7,In,S101,6,False
S171,Out,S123,2,S214,5,In,S123,8,S502,2,S615,0,False
S172,Out,S19,3,In,S42,5,S598,5,False
S173,Out,S304,9,In,S84,6,S454,3,False
S174,Out,S3,3,S442,8,S461,7,In,S64,0,S262,0,S508,3,S520,8,False
S175,Out,S165,4,S383,6,S627,1,In,S83,3,S204,5,S445,3,False
S176,Out,S129,5,In,S96,5,S278,5,False
S177,Out,S121,2,In,S164,5,S305,5,False
S178,Out,S82,9,In,S30,4,S201,4,False
S179,Out,S136,9,S277,2,In,S133,7,False
S180,Out,S118,0,S222,5,S237,1,S578,6,In,S38,6,False
S181,Out,S7,0,S193,5,S427,1,S452,9,In,S129,7,S327,6,S366,5,S662,1,True
S182,Out,S169,9,S271,3,In,S136,4,False
S183,Out,S113,0,S186,7,S275,4,In,S64,9,S190,1,S211,2,False
S184,Out,S72,0,In,S26,3,S533,5,False
S185,Out,S66,2,S358,5,S662,1,In,S103,4,False
S186,Out,S169,9,S233,4,In,S183,7,S458,1,False
S187,Out,S50,3,In,S91,5,S266,2,False
S188,Out,S90,2,S507,4,In,S98,1,S293,3,S627,0,False
S189,Out,S149,1,In,S146,1,False
S190,Out,S183,1,S429,8,S450,5,S649,3,In,S52,5,S633,2,False
S191,Out,S15,6,S385,2,In,S63,4,False
S192,Out,S99,6,S315,2,S340,8,In,S129,1,False
S193,Out,S145,5,S404,0,In,S181,5,S267,3,S287,4,S330,0,False
S194,Out,S51,4,S210,1,S500,5,S579,6,S672,9,In,S54,2,False
S195,Out,S146,7,S341,4,In,S86,6,S571,2,False
S196,Out,S166,5,S482,9,In,S107,1,False
S197,Out,S97,3,S638,1,In,S158,1,False
S198,Out,S605,5,In,S115,9,False
S199,Out,S31,6,S238,0,S636,7,In,S10,7,S273,1,False
S200,Out,S103,2,In,S32,6,S276,5,False
S201,Out,S178,4,S289,0,S362,9,S373,3,In,S73,8,S297,6,False
S202,Out,S105,1,S204,8,S573,7,In,S149,2,False
S203,Out,S58,2,S314,5,In,S92,7,S405,9,False
S204,Out,S175,5,S301,8,S489,9,S592,7,In,S202,8,S217,1,False
S205,Out,S149,9,S252,0,S339,4,In,S64,7,S451,3,False
S206,Out,S160,9,S593,8,In,S139,4,False
S207,Out,S93,9,S256,1,S319,4,In,S36,5,S620,8,False
S208,Out,S86,6,S274,9,S329,4,S423,5,In,S58,7,False
S209,Out,S39,5,S297,2,In,S109,7,S392,9,False
S210,Out,S68,8,S255,7,S392,3,S468,5,In,S194,1,S246,8,False
S211,Out,S183,2,S309,3,S327,1,S328,9,In,S80,3,S567,4,False
S212,Out,S17,1,S396,7,In,S167,1,S229,9,False
S213,Out,S15,4,S244,0,S371,2,In,S114,2,False
S214,Out,S33,0,S343,8,S495,3,In,S171,5,S368,2,False
S215,Out,S125,9,In,S41,3,S283,1,S359,3,False
S216,Out,S126,5,S243,4,S436,0,In,S159,8,S679,4,S685,9,False
S217,Out,S204,1,In,S54,8,S239,4,S674,9,False
S218,Out,S25,9,S497,0,In,S109,3,False
S219,Out,S111,9,S492,1,In,S104,5,S341,0,False
S220,Out,S140,4,S365,5,In,S157,3,False
S221,Out,S167,7,S269,8,S435,4,In,S69,2,S268,4,S619,9,False
S222,Out,S34,5,In,S180,5,S515,4,False
S223,Out,S77,0,In,S43,9,S233,2,False
S224,Out,S3,8,In,S69,1,S274,6,False
S225,Out,S101,3,S345,5,In,S88,6,S264,9,S505,3,False
S226,Out,S82,6,S694,0,In,S133,2,S375,8,False
S227,Out,S126,7,S366,5,S431,1,In,S124,4,S319,8,False
S228,Out,S139,4,S321,9,In,S135,2,False
S229,Out,S212,9,S499,4,In,S8,1,S542,0,False
S230,Out,S116,5,S674,1,In,S119,0,False
S231,Out,S106,8,S401,3,In,S58,3,S387,2,False
S232,Out,S157,5,In,S73,7,S433,9,S546,1,False
S233,Out,S223,2,In,S186,4,S306,4,False
S234,Out,S153,3,S467,7,S590,4,In,S71,9,S265,2,False
S235,Out,S63,4,In,S13,2,False
S236,Out,S147,0,In,S117,9,False
S237,Out,S158,4,S302,3,S344,1,In,S180,1,False
S238,Out,S146,3,In,S199,0,False
S239,Out,S217,4,In,S14,2,S377,8,S504,8,False
S240,Out,S133,1,S387,3,S596,0,In,S112,7,S254,8,S286,1,True
S241,Out,S37,8,S378,7,S390,0,S479,5,In,S45,9,False
S242,Out,S130,3,In,S0,7,S313,1,False
S243,Out,S80,2,S381,6,In,S216,4,S673,9,False
S244,Out,S169,0,In,S213,0,S380,1,False
S245,Out,S16,1,S281,3,In,S85,0,S289,3,False
S246,Out,S210,8,In,S22,0,S456,7,False
S247,Out,S87,2,S18,9,In,S56,3,S258,2,False
S248,Out,S37,8,S551,4,In,S7,3,S370,7,S618,0,False
S249,Out,S68,1,S473,3,In,S142,6,S345,3,S469,6,False
S250,Out,S23,5,S506,4,S570,3,In,S153,7,S463,5,False
S251,Out,S105,1,S564,6,In,S56,7,False
S252,Out,S125,0,S657,4,In,S205,0,S442,1,S632,2,False
S253,Out,S165,0,S354,6,S531,1,In,S166,0,False
S254,Out,S240,8,S508,5,In,S93,5,S312,0,S361,2,False
S255,Out,S50,2,S308,4,S586,6,In,S210,7,True
S256,Out,S99,6,S514,7,S621,8,In,S207,1,S548,4,False
S257,Out,S114,1,S522,7,In,S101,8,False
S258,Out,S247,2,S465,8,S618,1,In,S57,9,S298,3,S563,1,False
S259,Out,S108,1,S438,7,S483,2,In,S94,5,S418,9,False
S260,Out,S105,1,In,S110,1,S371,6,False
S261,Out,S50,4,S310,1,S477,2,In,S102,8,S407,5,False
S262,Out,S174,0,S312,3,S546,4,S611,2,In,S92,8,False
S263,Out,S147,2,S391,8,S484,0,In,S86,7,S385,6,S408,4,False
S264,Out,S225,9,S441,4,S620,2,In,S72,5,False
S265,Out,S234,2,S288,5,S331,8,S476,1,S629,3,In,S26,2,S438,9,False
S266,Out,S187,2,S320,4,In,S91,6,False
S267,Out,S193,3,S352,9,S594,6,In,S131,6,S626,3,False
S268,Out,S221,4,S524,7,In,S34,2,False
S269,Out,S141,3,S464,6,S470,2,S544,9,In,S221,8,S302,2,S331,4,S586,2,False
S270,Out,S2,2,S659,9,S670,7,In,S97,0,S322,5,S383,1,False
S271,Out,S127,1,S279,9,In,S182,3,False
S272,Out,S130,6,S689,7,In,S71,6,S687,9,False
S273,Out,S199,1,S518,0,S584,5,In,S123,7,S346,5,S373,6,S391,1,False
S274,Out,S224,6,In,S208,9,S450,9,False
S275,Out,S76,8,In,S183,4,False
S276,Out,S200,5,S675,0,In,S131,1,S342,8,False
S277,Out,S52,2,In,S179,2,S427,4,S608,7,False
S278,Out,S176,5,S582,9,In,S163,4,S284,5,False
S279,Out,S77,4,S357,0,In,S271,9,S403,7,S646,4,S699,3,False
S280,Out,S11,2,S330,4,In,S135,8,S512,3,S573,6,False
S281,Out,S54,4,S525,9,In,S245,3,S328,7,S399,6,S492,4,False
S282,Out,S34,9,In,S78,2,False
S283,Out,S215,1,S405,8,S472,6,In,S114,8,S362,9,False
S284,Out,S278,5,S644,2,In,S16,3,S309,7,False
S285,Out,S97,7,S457,2,In,S150,8,S498,2,False
S286,Out,S240,1,S503,7,In,S145,1,False
S287,Out,S193,4,S681,6,In,S14,5,True
S288,Out,S116,4,In,S265,5,S353,7,False
S289,Out,S245,3,In,S201,0,S398,4,S574,9,False
S290,Out,S61,3,In,S28,8,S324,6,S609,3,False
S291,Out,S107,3,S491,4,S576,8,In,S142,5,False
S292,Out,S87,5,S599,2,In,S145,4,False
S293,Out,S188,3,S456,9,In,S58,2,False
S294,Out,S16,5,S313,0,In,S85,4,S321,6,S347,5,False
S295,Out,S101,7,In,S116,1,S349,6,S365,1,False
S296,Out,S122,1,In,S18,4,S336,0,S340,5,False
S297,Out,S201,6,S394,3,In,S209,2,S307,1,S325,4,S364,3,S369,4,False
S298,Out,S258,3,S334,2,In,S92,2,S326,9,False
S299,Out,S123,4,In,S3,4,False
S300,Out,S59,0,S439,5,S676,8,In,S54,4,S692,1,False
S301,Out,S45,8,S374,7,S527,3,In,S204,8,False
S302,Out,S269,2,In,S237,3,S447,6,False
S303,Out,S92,0,In,S56,2,False
S304,Out,S605,3,S1,0,S5,7,S19,5,S24,9,S140,1,S144,6,In,S605,6,S0,3,S40,1,S173,9,S440,4,False
S305,Out,S177,5,S567,0,In,S118,1,False
S306,Out,S233,4,S571,3,In,S167,6,S602,0,False
S307,Out,S297,1,S686,3,In,S148,6,S613,9,False
S308,Out,S128,5,In,S255,4,S415,9,S639,5,False
S309,Out,S284,7,S601,2,S613,4,In,S211,3,S572,0,False
S310,Out,S106,1,In,S261,1,False
S311,Out,S13,1,In,S92,6,False
S312,Out,S254,0,S445,3,S548,9,S561,7,In,S262,3,False
S313,Out,S242,1,In,S294,0,False
S314,Out,S111,4,In,S203,5,False
S315,Out,S158,4,S335,1,S478,0,In,S192,2,S506,4,False
S316,Out,S3,1,S521,5,S688,3,In,S166,4,False
S317,Out,S47,9,S409,0,In,S65,7,S337,9,S517,7,False
S318,Out,S0,8,In,S158,8,S485,5,S488,5,S534,7,True
S319,Out,S227,8,In,S207,4,False
S320,Out,S3,8,In,S266,4,S558,0,S644,9,True
S321,Out,S294,6,In,S228,9,S468,0,False
S322,Out,S270,5,S398,9,S437,6,S458,2,In,S39,3,False
S323,Out,S141,2,In,S137,4,False
S324,Out,S290,6,S367,2,In,S133,0,S420,9,S482,3,False
S325,Out,S297,4,In,S156,0,False
S326,Out,S298,9,In,S108,0,S484,5,S560,3,False
S327,Out,S181,6,In,S211,1,S569,5,False
S328,Out,S281,7,S617,8,In,S211,9,False
S329,Out,S121,2,In,S208,4,True
S330,Out,S193,0,S653,7,In,S280,4,S680,0,False
S331,Out,S269,4,S389,6,In,S265,8,S460,2,False
S332,Out,S93,1,In,S104,3,False
S333,Out,S156,5,In,S119,5,S441,6,S487,9,False
S334,Out,S168,5,S552,1,In,S298,2,S527,9,False
S335,Out,S116,0,In,S315,1,S343,5,S596,5,False
S336,Out,S296,0,S337,3,In,S145,3,False
S337,Out,S317,9,In,S336,3,False
S338,Out,S60,6,In,S41,8,S455,1,False
S339,Out,S1,1,In,S205,4,False
S340,Out,S296,5,S375,2,In,S192,8,False
S341,Out,S219,0,S350,8,In,S195,4,S358,0,S50,4,False
S342,Out,S276,8,In,S170,7,S439,2,False
S343,Out,S335,5,In,S214,8,False
S344,Out,S69,6,In,S237,1,False
S345,Out,S249,3,In,S225,5,False
S346,Out,S273,5,S471,9,In,S64,2,False
S347,Out,S294,5,In,S155,9,False
S348,Out,S21,1,S513,7,In,S70,5,S459,4,False
S349,Out,S295,6,In,S121,5,S425,6,False
S350,Out,S18,4,In,S341,8,S379,7,False
S351,Out,S58,4,S651,9,In,S93,0,S478,7,S631,0,False
S352,Out,S133,1,In,S267,9,S421,7,S561,8,False
S353,Out,S288,7,In,S87,8,False
S354,Out,S118,8,S691,5,In,S253,6,False
S355,Out,S72,1,In,S50,5,S475,5,False
S356,Out,S135,0,S376,1,In,S63,7,False
S357,Out,S59,5,S556,1,In,S279,0,S566,1,False
S358,Out,S341,0,S462,4,S510,6,S568,8,In,S185,5,S401,4,S471,8,True
S359,Out,S215,3,S606,4,In,S87,9,False
S360,Out,S20,4,In,S138,0,S430,7,S594,0,False
S361,Out,S254,2,S466,8,S481,0,In,S59,2,S411,7,S592,0,False
S362,Out,S283,9,S692,6,In,S201,9,False
S363,Out,S5,5,S619,9,In,S37,5,False
S364,Out,S297,3,S432,8,S549,5,S643,9,In,S111,7,S378,9,False
S365,Out,S295,1,In,S220,5,S579,6,False
S366,Out,S181,5,In,S227,5,False
S367,Out,S19,7,S388,2,In,S324,2,False
S368,Out,S214,2,S372,5,In,S110,8,S601,8,False
S369,Out,S297,4,S530,0,S630,3,In,S56,6,S406,3,False
S370,Out,S248,7,S416,9,S603,2,In,S104,6,False
S371,Out,S260,6,S490,5,In,S213,2,False
S372,Out,S77,2,In,S368,5,S490,7,False
S373,Out,S273,6,In,S201,3,False
S374,Out,S65,8,S589,2,In,S301,7,False
S375,Out,S226,8,S377,0,S421,7,S444,1,In,S340,2,False
S376,Out,S46,3,In,S356,1,S497,5,S694,8,False
S377,Out,S239,8,In,S375,0,S531,9,False
S378,Out,S364,9,S488,2,S550,7,In,S241,7,False
S379,Out,S350,7,In,S78,0,False
S380,Out,S244,1,In,S153,2,False
S381,Out,S61,3,In,S243,6,False
S382,Out,S108,7,S411,9,S569,6,In,S124,7,False
S383,Out,S270,1,In,S175,6,S467,5,S564,1,S606,5,False
S384,Out,S89,4,In,S168,5,True
S385,Out,S263,6,S558,0,S650,5,In,S191,2,False
S386,Out,S103,4,S434,8,In,S162,6,S431,2,S671,1,False
S387,Out,S231,2,In,S240,3,False
S388,Out,S125,9,S453,2,S591,7,In,S367,2,False
S389,Out,S74,0,In,S331,6,False
S390,Out,S7,5,S420,6,In,S241,0,False
S391,Out,S273,1,S572,0,In,S263,8,S695,1,False
S392,Out,S209,9,In,S210,3,False
S393,Out,S145,4,In,S75,3,False
S394,Out,S86,1,In,S297,3,S453,5,False
S395,Out,S86,7,S406,8,S418,0,In,S48,7,False
S396,Out,S23,8,S414,5,S516,9,In,S212,7,False
S397,Out,S86,3,In,S35,4,False
S398,Out,S289,4,S440,1,In,S322,9,False
S399,Out,S281,6,S487,0,In,S39,0,S669,1,False
S400,Out,S146,9,In,S63,0,False
S401,Out,S358,4,S412,9,In,S231,3,S470,3,False
S402,Out,S121,2,S496,3,S608,0,In,S85,1,False
S403,Out,S279,7,In,S18,9,False
S404,Out,S133,7,S519,6,In,S193,0,False
S405,Out,S203,9,In,S283,8,False
S406,Out,S369,3,In,S395,8,False
S407,Out,S261,5,In,S122,7,True
S408,Out,S263,4,S533,9,In,S104,4,S526,7,False
S409,Out,S108,9,S687,0,In,S317,0,False
S410,Out,S106,3,S475,9,S679,4,In,S36,8,False
S411,Out,S361,7,In,S382,9,False
S412,Out,S20,7,In,S401,9,S417,7,S625,7,False
S413,Out,S55,8,In,S64,5,S423,6,False
S414,Out,S143,7,In,S396,5,False
S415,Out,S308,9,In,S44,8,S643,2,False
S416,Out,S79,5,In,S370,9,False
S417,Out,S412,7,S580,2,In,S6,1,False
S418,Out,S259,9,In,S395,0,S575,5,False
S419,Out,S97,4,In,S41,2,S444,7,False
S420,Out,S324,9,In,S390,6,S688,0,False
S421,Out,S352,7,S562,9,In,S375,7,S432,1,False
S422,Out,S148,0,In,S62,8,S509,6,False
S423,Out,S413,6,In,S208,5,S590,1,True
S424,Out,S120,4,In,S157,1,S539,6,S693,2,False
S425,Out,S349,6,In,S26,9,False
S426,Out,S126,5,In,S74,1,False
S427,Out,S277,4,In,S181,1,S576,2,False
S428,Out,S164,9,In,S71,4,False
S429,Out,S115,0,In,S190,8,S437,3,False
S430,Out,S360,7,In,S41,6,False
S431,Out,S386,2,In,S227,1,S496,4,False
S432,Out,S421,1,In,S364,8,False
S433,Out,S232,9,In,S160,3,False
S434,Out,S77,8,S656,1,In,S386,8,False
S435,Out,S88,3,S585,5,In,S221,4,False
S436,Out,S160,3,S451,9,In,S216,0,S668,0,False
S437,Out,S429,3,In,S322,6,S452,3,False
S438,Out,S265,9,In,S259,7,True
S439,Out,S342,2,S463,9,S678,8,In,S300,5,False
S440,Out,S304,4,S498,2,In,S398,1,False
S441,Out,S333,6,S474,4,S609,0,In,S264,4,S686,8,False
S442,Out,S252,1,In,S174,8,S553,9,False
S443,Out,S12,4,S690,5,In,S125,0,False
S444,Out,S419,7,In,S375,1,False
S445,Out,S175,3,S565,2,In,S312,3,False
S446,Out,S118,6,S581,0,In,S63,1,False
S447,Out,S302,6,In,S136,1,S635,3,False
S448,Out,S70,1,In,S151,6,False
S449,Out,S2,1,In,S146,5,False
S450,Out,S274,9,In,S190,5,S578,0,S637,8,False
S451,Out,S205,3,In,S436,9,False
S452,Out,S437,3,In,S181,9,False
S453,Out,S394,5,In,S388,2,False
S454,Out,S173,3,In,S21,6,S537,8,False
S455,Out,S338,1,S485,5,In,S93,7,False
S456,Out,S246,7,S607,3,S622,5,S699,9,In,S293,9,S623,9,S658,2,False
S457,Out,S33,7,In,S285,2,False
S458,Out,S186,1,In,S322,2,S524,6,S599,0,False
S459,Out,S348,4,S634,0,In,S33,4,S690,2,False
S460,Out,S331,2,In,S92,5,True
S461,Out,S152,5,In,S174,7,False
S462,Out,S105,0,In,S358,4,S583,4,False
S463,Out,S250,5,In,S439,9,False
S464,Out,S145,8,In,S269,6,False
S465,Out,S86,3,S545,2,In,S258,8,False
S466,Out,S96,7,In,S361,8,S651,2,False
S467,Out,S383,5,In,S234,7,True
S468,Out,S321,0,S598,5,In,S210,5,False
S469,Out,S249,6,In,S137,9,False
S470,Out,S401,3,In,S269,2,S676,6,False
S471,Out,S358,8,In,S346,9,False
S472,Out,S141,7,S555,3,S614,5,In,S283,6,False
S473,Out,S53,3,In,S249,3,S593,5,False
S474,Out,S61,1,In,S441,4,False
S475,Out,S355,5,In,S410,9,S629,3,False
S476,Out,S150,3,In,S265,1,S532,9,False
S477,Out,S143,4,In,S261,2,False
S478,Out,S351,7,In,S315,0,False
S479,Out,S21,5,S654,9,In,S241,5,S556,6,False
S480,Out,S14,9,S509,0,S529,4,In,S42,9,False
S481,Out,S89,4,S528,7,In,S361,0,False
S482,Out,S324,3,S523,6,In,S196,9,False
S483,Out,S115,7,In,S259,2,S528,0,False
S484,Out,S326,5,In,S263,0,S584,7,S681,7,False
S485,Out,S318,5,In,S455,5,S654,5,False
S486,Out,S135,8,In,S95,8,S518,7,False
S487,Out,S333,9,In,S399,0,False
S488,Out,S318,5,In,S378,2,False
S489,Out,S156,6,In,S204,9,False
S490,Out,S372,7,In,S371,5,S551,4,False
S491,Out,S22,9,S494,0,S557,1,S665,6,In,S291,4,S511,0,False
S492,Out,S281,4,In,S219,1,False
S493,Out,S126,0,In,S65,9,S529,9,False
S494,Out,S92,1,S538,3,S645,6,In,S491,0,S538,6,False
S495,Out,S96,0,In,S214,3,S655,9,False
S496,Out,S431,4,In,S402,3,S516,6,False
S497,Out,S376,5,S517,2,In,S218,0,False
S498,Out,S285,2,In,S440,2,S543,6,False
S499,Out,S95,6,S554,1,In,S229,4,S672,8,False
S500,Out,S123,1,In,S194,5,False
S501,Out,S84,1,In,S21,3,S665,5,False
S502,Out,S171,2,S626,1,S696,7,In,S36,3,False
S503,Out,S90,2,In,S286,7,S554,3,False
S504,Out,S239,8,In,S67,2,False
S505,Out,S225,3,In,S21,9,False
S506,Out,S315,4,In,S250,4,S647,7,False
S507,Out,S136,8,In,S188,4,False
S508,Out,S174,3,S652,0,In,S254,5,S610,8,False
S509,Out,S422,6,In,S480,0,False
S510,Out,S149,4,In,S358,6,False
S511,Out,S491,0,In,S149,7,False
S512,Out,S280,3,In,S19,9,False
S513,Out,S97,6,S537,9,S553,0,In,S348,7,False
S514,Out,S65,2,In,S256,7,False
S515,Out,S222,4,In,S48,5,False
S516,Out,S496,6,In,S396,9,False
S517,Out,S317,7,In,S497,2,False
S518,Out,S486,7,In,S273,0,S547,3,S698,7,False
S519,Out,S10,9,S559,2,S639,5,In,S404,6,False
S520,Out,S174,8,In,S89,2,S689,6,False
S521,Out,S132,2,In,S316,5,S568,8,False
S522,Out,S142,5,In,S257,7,False
S523,Out,S124,9,In,S482,6,S614,5,False
S524,Out,S458,6,In,S268,7,False
S525,Out,S144,1,S547,2,In,S281,9,S604,4,False
S526,Out,S408,7,In,S39,5,S622,6,False
S527,Out,S334,9,In,S301,3,S661,2,False
S528,Out,S483,0,In,S481,7,False
S529,Out,S493,9,In,S480,4,False
S530,Out,S145,4,In,S369,0,False
S531,Out,S377,9,In,S253,1,S616,7,False
S532,Out,S476,9,In,S64,3,S541,7,False
S533,Out,S184,5,In,S408,9,False
S534,Out,S318,7,In,S38,2,S649,3,False
S535,Out,S167,4,In,S39,2,False
S536,Out,S119,4,In,S53,3,S559,4,False
S537,Out,S454,8,In,S513,9,False
S538,Out,S494,6,S698,9,In,S494,3,False
S539,Out,S424,6,In,S100,5,False
S540,Out,S108,9,In,S10,1,False
S541,Out,S532,7,S597,6,In,S160,1,False
S542,Out,S229,0,In,S92,0,S545,8,False
S543,Out,S498,6,In,S28,3,False
S544,Out,S122,0,In,S269,9,S645,0,False
S545,Out,S542,8,In,S465,2,False
S546,Out,S232,1,In,S262,4,S650,1,False
S547,Out,S518,3,S669,2,In,S525,2,False
S548,Out,S256,4,In,S312,9,False
S549,Out,S73,9,In,S364,5,False
S550,Out,S19,7,In,S378,7,False
S551,Out,S490,4,In,S248,4,False
S552,Out,S42,4,In,S334,1,S585,7,True
S553,Out,S442,9,In,S513,0,False
S554,Out,S503,3,In,S499,1,True
S555,Out,S37,5,In,S472,3,False
S556,Out,S479,6,In,S357,1,False
S557,Out,S60,4,In,S491,1,S691,5,False
S558,Out,S320,0,In,S385,0,False
S559,Out,S536,4,In,S519,2,True
S560,Out,S326,3,In,S84,7,False
S561,Out,S352,8,In,S312,7,S652,9,False
S562,Out,S116,6,In,S421,9,False
S563,Out,S258,1,In,S44,3,False
S564,Out,S383,1,In,S251,6,False
S565,Out,S44,8,In,S445,2,False
S566,Out,S357,1,In,S26,7,False
S567,Out,S211,4,In,S305,0,False
S568,Out,S521,8,In,S358,8,True
S569,Out,S327,5,S575,4,In,S382,6,False
S570,Out,S10,3,In,S250,3,False
S571,Out,S195,2,In,S306,3,False
S572,Out,S309,0,In,S391,0,True
S573,Out,S280,6,In,S202,7,False
S574,Out,S289,9,In,S122,4,S577,9,False
S575,Out,S418,5,S660,4,In,S569,4,False
S576,Out,S427,2,In,S291,8,S617,6,False
S577,Out,S574,9,In,S138,1,False
S578,Out,S450,0,In,S180,6,False
S579,Out,S365,6,In,S194,6,False
S580,Out,S144,0,In,S417,2,False
S581,Out,S119,3,In,S446,0,False
S582,Out,S20,6,S635,1,In,S278,9,False
S583,Out,S462,4,In,S126,9,False
S584,Out,S484,7,In,S273,5,False
S585,Out,S552,7,In,S435,5,False
S586,Out,S269,2,In,S255,6,False
S587,Out,S65,8,S673,1,In,S122,2,False
S588,Out,S156,7,In,S46,2,S682,3,False
S589,Out,S166,6,In,S374,2,S670,6,False
S590,Out,S423,1,In,S234,4,False
S591,Out,S89,4,In,S388,7,False
S592,Out,S361,0,In,S204,7,False
S593,Out,S473,5,S615,0,In,S206,8,False
S594,Out,S360,0,S624,9,In,S267,6,False
S595,Out,S16,8,In,S79,7,False
S596,Out,S335,5,In,S240,0,False
S597,Out,S23,5,In,S541,6,False
S598,Out,S172,5,In,S468,5,False
S599,Out,S458,0,In,S292,2,False
S600,Out,S38,8,In,S82,9,False
S601,Out,S368,8,In,S309,2,False
S602,Out,S306,0,In,S80,9,False
S603,Out,S121,3,In,S370,2,False
S604,Out,S525,4,In,S32,5,False
S605,Out,S304,6,S0,4,S76,3,In,S304,3,S1,0,S2,0,S3,9,S20,9,S24,3,S31,6,S198,5,False
S606,Out,S383,5,In,S359,4,False
S607,Out,S114,6,In,S456,3,False
S608,Out,S277,7,In,S402,0,False
S609,Out,S290,3,S633,5,In,S441,0,False
S610,Out,S508,8,In,S3,0,False
S611,Out,S87,0,In,S262,2,False
S612,Out,S124,2,In,S145,0,False
S613,Out,S307,9,In,S309,4,False
S614,Out,S523,5,In,S472,5,False
S615,Out,S171,0,S642,7,In,S593,0,False
S616,Out,S531,7,In,S0,9,False
S617,Out,S576,6,In,S328,8,False
S618,Out,S248,0,S648,2,In,S258,1,False
S619,Out,S221,9,In,S363,9,False
S620,Out,S207,8,In,S264,2,False
S621,Out,S57,5,In,S256,8,False
S622,Out,S526,6,In,S456,5,False
S623,Out,S456,9,S632,6,In,S114,1,False
S624,Out,S154,9,In,S594,9,False
S625,Out,S412,7,In,S98,5,False
S626,Out,S267,3,In,S502,1,False
S627,Out,S188,0,In,S175,1,S630,7,False
S628,Out,S148,0,In,S105,5,False
S629,Out,S475,3,In,S265,3,False
S630,Out,S627,7,In,S369,3,False
S631,Out,S351,0,In,S108,6,False
S632,Out,S252,2,In,S623,6,False
S633,Out,S190,2,In,S609,5,False
S634,Out,S45,0,In,S459,0,False
S635,Out,S447,3,In,S582,1,False
S636,Out,S69,0,S671,2,S693,8,In,S199,7,False
S637,Out,S450,8,In,S78,7,False
S638,Out,S135,4,In,S197,1,S678,9,False
S639,Out,S308,5,In,S519,5,False
S640,Out,S27,7,In,S37,4,False
S641,Out,S126,2,In,S141,4,False
S642,Out,S103,4,In,S615,7,False
S643,Out,S415,2,In,S364,9,True
S644,Out,S320,9,In,S284,2,False
S645,Out,S544,0,In,S494,6,False
S646,Out,S279,4,In,S49,2,S697,8,False
S647,Out,S506,7,S680,8,In,S159,4,False
S648,Out,S72,3,In,S618,2,False
S649,Out,S534,3,In,S190,3,True
S650,Out,S546,1,In,S385,5,False
S651,Out,S466,2,In,S351,9,False
S652,Out,S561,9,In,S508,0,False
S653,Out,S154,6,In,S330,7,False
S654,Out,S485,5,In,S479,9,False
S655,Out,S495,9,In,S138,6,False
S656,Out,S136,5,In,S434,1,False
S657,Out,S134,4,In,S252,4,False
S658,Out,S456,2,S682,3,In,S141,7,False
S659,Out,S112,9,In,S270,9,False
S660,Out,S150,7,In,S575,4,S683,4,False
S661,Out,S527,2,In,S98,6,False
S662,Out,S181,1,In,S185,1,False
S663,Out,S122,8,In,S125,6,False
S664,Out,S64,9,In,S19,3,False
S665,Out,S501,5,In,S491,6,False
S666,Out,S21,8,In,S36,7,False
S667,Out,S17,3,In,S59,7,False
S668,Out,S436,0,In,S109,1,False
S669,Out,S399,1,In,S547,2,False
S670,Out,S589,6,In,S270,7,False
S671,Out,S386,1,In,S636,2,False
S672,Out,S499,8,In,S194,9,False
S673,Out,S243,9,In,S587,1,False
S674,Out,S217,9,In,S230,1,False
S675,Out,S106,5,In,S276,0,False
S676,Out,S470,6,In,S300,8,True
S677,Out,S80,4,In,S78,6,False
S678,Out,S638,9,In,S439,8,False
S679,Out,S216,4,In,S410,4,False
S680,Out,S330,0,In,S647,8,False
S681,Out,S484,7,In,S287,6,False
S682,Out,S588,3,In,S658,3,False
S683,Out,S660,4,In,S72,4,False
S684,Out,S2,5,In,S161,9,False
S685,Out,S216,9,In,S55,1,False
S686,Out,S441,8,In,S307,3,False
S687,Out,S272,9,In,S409,0,False
S688,Out,S420,0,In,S316,3,False
S689,Out,S520,6,In,S272,7,False
S690,Out,S459,2,In,S443,5,False
S691,Out,S557,5,In,S354,5,False
S692,Out,S300,1,In,S362,6,False
S693,Out,S424,2,In,S636,8,False
S694,Out,S376,8,In,S226,0,False
S695,Out,S391,1,In,S167,2,False
S696,Out,S67,6,In,S502,7,False
S697,Out,S646,8,In,S24,6,False
S698,Out,S518,7,In,S538,9,True
S699,Out,S279,3,In,S456,9,False
